term,pA,pFgA_z_FDR_0.01,pAgF_given_pF=0.50,pFgA,pAgF_z_FDR_0.01,pFgA_z,pFgA_given_pF=0.50,pAgF,pAgF_z
(social | mentalizing),0.014354147313284158,0.034714445688689796,0.023507536931336424,2.2860464714273232,2.34528327107255,0.21559470355444282,0.72958429003453362,5.4319289268992828,4.9759811848587345
emotion*,0.014354147313284158,0.023303537706156376,0.018050514506223247,0.18638055956922969,0.19119309545848939,0.23212710088912344,0.63035492179530728,3.0642190321492984,2.2958698904295596
(episodic | future | past | retrieval | prospective | memory ret,0.014354147313284158,0.017966903073286054,0.015908812363138135,-0.50089171542058852,-0.74396106659385997,0.15027937383428649,0.55723217126461566,1.1206710018356567,0.0
(value | reward | incentive),0.014354147313284158,0.017190362124841482,0.015649892308621353,-1.3204622271368733,-1.0184389584800957,0.087468397566094688,0.51389391693053155,0.57982489953664829,0.0690001955112967
